H1,Name,Dates,H4,H5
RunPeriodControl:SpecialDays,H1,5-Jan,1,Holiday;
RunPeriodControl:SpecialDays,H2,6-Jan,1,Holiday;
RunPeriodControl:SpecialDays,H3,12-Jan,1,Holiday;
RunPeriodControl:SpecialDays,H4,19-Jan,1,Holiday;
RunPeriodControl:SpecialDays,H5,20-Jan,1,Holiday;
RunPeriodControl:SpecialDays,H6,24-Jan,1,Holiday;
RunPeriodControl:SpecialDays,H7,25-Jan,1,Holiday;
RunPeriodControl:SpecialDays,H8,27-Jan,1,Holiday;
RunPeriodControl:SpecialDays,H9,31-Jan,1,Holiday;
RunPeriodControl:SpecialDays,H10,2-Feb,1,Holiday;
RunPeriodControl:SpecialDays,H11,8-Feb,1,Holiday;
RunPeriodControl:SpecialDays,H12,10-Feb,1,Holiday;
RunPeriodControl:SpecialDays,H13,14-Feb,1,Holiday;
RunPeriodControl:SpecialDays,H14,16-Feb,1,Holiday;
RunPeriodControl:SpecialDays,H15,23-Feb,1,Holiday;
RunPeriodControl:SpecialDays,H16,1-Mar,1,Holiday;
RunPeriodControl:SpecialDays,H17,2-Mar,1,Holiday;
RunPeriodControl:SpecialDays,H18,7-Mar,1,Holiday;
RunPeriodControl:SpecialDays,H19,9-Mar,1,Holiday;
RunPeriodControl:SpecialDays,H20,14-Mar,1,Holiday;
RunPeriodControl:SpecialDays,H21,18-Mar,1,Holiday;
RunPeriodControl:SpecialDays,H22,24-Mar,1,Holiday;
RunPeriodControl:SpecialDays,H23,25-Mar,1,Holiday;
RunPeriodControl:SpecialDays,H24,29-Mar,1,Holiday;
RunPeriodControl:SpecialDays,H25,31-Mar,1,Holiday;
RunPeriodControl:SpecialDays,H26,5-Apr,1,Holiday;
RunPeriodControl:SpecialDays,H27,6-Apr,1,Holiday;
RunPeriodControl:SpecialDays,H28,11-Apr,1,Holiday;
RunPeriodControl:SpecialDays,H29,12-Apr,1,Holiday;
RunPeriodControl:SpecialDays,H30,15-Apr,1,Holiday;
RunPeriodControl:SpecialDays,H31,21-Apr,1,Holiday;
RunPeriodControl:SpecialDays,H32,22-Apr,1,Holiday;
RunPeriodControl:SpecialDays,H33,25-Apr,1,Holiday;
RunPeriodControl:SpecialDays,H34,29-Apr,1,Holiday;
RunPeriodControl:SpecialDays,H35,2-May,1,Holiday;
RunPeriodControl:SpecialDays,H36,3-May,1,Holiday;
RunPeriodControl:SpecialDays,H37,9-May,1,Holiday;
RunPeriodControl:SpecialDays,H38,10-May,1,Holiday;
RunPeriodControl:SpecialDays,H39,17-May,1,Holiday;
RunPeriodControl:SpecialDays,H40,18-May,1,Holiday;
RunPeriodControl:SpecialDays,H41,23-May,1,Holiday;
RunPeriodControl:SpecialDays,H42,25-May,1,Holiday;
RunPeriodControl:SpecialDays,H43,1-Jun,1,Holiday;
RunPeriodControl:SpecialDays,H44,2-Jun,1,Holiday;
RunPeriodControl:SpecialDays,H45,3-Jun,1,Holiday;
RunPeriodControl:SpecialDays,H46,7-Jun,1,Holiday;
RunPeriodControl:SpecialDays,H47,8-Jun,1,Holiday;
RunPeriodControl:SpecialDays,H48,10-Jun,1,Holiday;
RunPeriodControl:SpecialDays,H49,16-Jun,1,Holiday;
RunPeriodControl:SpecialDays,H50,17-Jun,1,Holiday;
RunPeriodControl:SpecialDays,H51,21-Jun,1,Holiday;
RunPeriodControl:SpecialDays,H52,23-Jun,1,Holiday;
RunPeriodControl:SpecialDays,H53,28-Jun,1,Holiday;
RunPeriodControl:SpecialDays,H54,1-Jul,1,Holiday;
RunPeriodControl:SpecialDays,H55,11-Jul,1,Holiday;
RunPeriodControl:SpecialDays,H56,13-Jul,1,Holiday;
RunPeriodControl:SpecialDays,H57,14-Jul,1,Holiday;
RunPeriodControl:SpecialDays,H58,18-Jul,1,Holiday;
RunPeriodControl:SpecialDays,H59,27-Jul,1,Holiday;
RunPeriodControl:SpecialDays,H60,29-Jul,1,Holiday;
RunPeriodControl:SpecialDays,H61,1-Aug,1,Holiday;
RunPeriodControl:SpecialDays,H62,4-Aug,1,Holiday;
RunPeriodControl:SpecialDays,H63,5-Aug,1,Holiday;
RunPeriodControl:SpecialDays,H64,8-Aug,1,Holiday;
RunPeriodControl:SpecialDays,H65,11-Aug,1,Holiday;
RunPeriodControl:SpecialDays,H66,15-Aug,1,Holiday;
RunPeriodControl:SpecialDays,H67,16-Aug,1,Holiday;
RunPeriodControl:SpecialDays,H68,19-Aug,1,Holiday;
RunPeriodControl:SpecialDays,H69,22-Aug,1,Holiday;
RunPeriodControl:SpecialDays,H70,5-Sep,1,Holiday;
RunPeriodControl:SpecialDays,H71,6-Sep,1,Holiday;
RunPeriodControl:SpecialDays,H72,9-Sep,1,Holiday;
RunPeriodControl:SpecialDays,H73,12-Sep,1,Holiday;
RunPeriodControl:SpecialDays,H74,14-Sep,1,Holiday;
RunPeriodControl:SpecialDays,H75,16-Sep,1,Holiday;
RunPeriodControl:SpecialDays,H76,20-Sep,1,Holiday;
RunPeriodControl:SpecialDays,H77,22-Sep,1,Holiday;
RunPeriodControl:SpecialDays,H78,23-Sep,1,Holiday;
RunPeriodControl:SpecialDays,H79,26-Sep,1,Holiday;
RunPeriodControl:SpecialDays,H80,27-Sep,1,Holiday;
RunPeriodControl:SpecialDays,H81,6-Oct,1,Holiday;
RunPeriodControl:SpecialDays,H82,7-Oct,1,Holiday;
RunPeriodControl:SpecialDays,H83,10-Oct,1,Holiday;
RunPeriodControl:SpecialDays,H84,27-Oct,1,Holiday;
RunPeriodControl:SpecialDays,H85,28-Oct,1,Holiday;
RunPeriodControl:SpecialDays,H86,2-Nov,1,Holiday;
RunPeriodControl:SpecialDays,H87,7-Nov,1,Holiday;
RunPeriodControl:SpecialDays,H88,8-Nov,1,Holiday;
RunPeriodControl:SpecialDays,H89,10-Nov,1,Holiday;
RunPeriodControl:SpecialDays,H90,14-Nov,1,Holiday;
RunPeriodControl:SpecialDays,H91,29-Nov,1,Holiday;
RunPeriodControl:SpecialDays,H92,2-Dec,1,Holiday;
RunPeriodControl:SpecialDays,H93,13-Dec,1,Holiday;
RunPeriodControl:SpecialDays,H94,14-Dec,1,Holiday;
RunPeriodControl:SpecialDays,H95,16-Dec,1,Holiday;
RunPeriodControl:SpecialDays,H96,23-Dec,1,Holiday;
RunPeriodControl:SpecialDays,H97,26-Dec,1,Holiday;
RunPeriodControl:SpecialDays,H98,27-Dec,1,Holiday;
RunPeriodControl:SpecialDays,H99,29-Dec,1,Holiday;
RunPeriodControl:SpecialDays,H100,30-Dec,1,Holiday;
